c,method,alpha,iterations,converged
10,Adam,1e-05,100000,False
10,Adam,3.1622776601683795e-05,48014,True
10,Adam,0.0001,18928,True
10,Adam,0.00031622776601683794,8832,True
10,Adam,0.001,4258,True
10,Adam,0.0031622776601683794,1693,True
10,Adam,0.01,507,True
10,Adam,0.03162277660168379,227,True
10,Adam,0.1,205,True
10,Adam,0.31622776601683794,234,True
10,Adam,1.0,233,True
100,Adam,1e-05,100000,False
100,Adam,3.1622776601683795e-05,47457,True
100,Adam,0.0001,18441,True
100,Adam,0.00031622776601683794,8402,True
100,Adam,0.001,3916,True
100,Adam,0.0031622776601683794,1510,True
100,Adam,0.01,454,True
100,Adam,0.03162277660168379,227,True
100,Adam,0.1,186,True
100,Adam,0.31622776601683794,234,True
100,Adam,1.0,216,True
1000,Adam,1e-05,100000,False
1000,Adam,3.1622776601683795e-05,46659,True
1000,Adam,0.0001,17782,True
1000,Adam,0.00031622776601683794,7843,True
1000,Adam,0.001,3492,True
1000,Adam,0.0031622776601683794,1298,True
1000,Adam,0.01,390,True
1000,Adam,0.03162277660168379,185,True
1000,Adam,0.1,186,True
1000,Adam,0.31622776601683794,234,True
1000,Adam,1.0,216,True
129,Adam,1e-05,100000,False
129,Adam,3.1622776601683795e-05,47382,True
129,Adam,0.0001,18379,True
129,Adam,0.00031622776601683794,8348,True
129,Adam,0.001,3874,True
129,Adam,0.0031622776601683794,1489,True
129,Adam,0.01,447,True
129,Adam,0.03162277660168379,227,True
129,Adam,0.1,186,True
129,Adam,0.31622776601683794,234,True
129,Adam,1.0,216,True
