c,method,iterations,alpha,beta
10,Newton pure,1,,
10,Newton damped,1,,
10,GD alpha*,69,0.09090909090909091,
10,Momentum,41,0.1,0.5
10,Adam,205,0.1,
100,Newton pure,1,,
100,Newton damped,1,,
100,GD alpha*,691,0.009900990099009901,
100,Momentum,105,0.01,0.8
100,Adam,186,0.1,
1000,Newton pure,1,,
1000,Newton damped,1,,
1000,GD alpha*,6908,0.000999000999000999,
1000,Momentum,297,0.001,0.9
1000,Adam,185,0.03162277660168379,
129,Newton pure,1,,
129,Newton damped,1,,
129,GD alpha*,892,0.007692307692307693,
129,Momentum,120,0.01,0.8
129,Adam,186,0.1,
