c,method,iterations,alpha,status
10,GD alpha*,69,0.09090909090909091,converged
10,Adam,205,0.1,converged
10,Momentum,,,pending team verification
10,Newton pure,1,,converged
10,Newton damped,1,,converged
100,GD alpha*,691,0.009900990099009901,converged
100,Adam,186,0.1,converged
100,Momentum,,,pending team verification
100,Newton pure,1,,converged
100,Newton damped,1,,converged
1000,GD alpha*,6908,0.000999000999000999,converged
1000,Adam,185,0.03162277660168379,converged
1000,Momentum,,,pending team verification
1000,Newton pure,1,,converged
1000,Newton damped,1,,converged
129,GD alpha*,892,0.007692307692307693,converged
129,Adam,186,0.1,converged
129,Momentum,,,pending team verification
129,Newton pure,1,,converged
129,Newton damped,1,,converged
