problem,method,iterations,alpha,beta,converged,gradient_norm,threshold,objective,share_error_inf,objective_error,optimum_verified,status
c=10,Momentum,100000,1e-05,0.5,False,0.047611136953090806,1.4239382009062048e-05,0.0005667050904914923,,,,cap
c=10,Momentum,100000,1e-05,0.8,False,0.0001175564267266113,1.4239382009062048e-05,3.454878366182283e-09,,,,cap
c=10,Momentum,60469,1e-05,0.9,True,1.4238719794406579e-05,1.4239382009062048e-05,5.068528534590643e-11,,,,converged
c=10,Momentum,30069,1e-05,0.95,True,1.423734414311538e-05,1.4239382009062048e-05,5.0675492062375456e-11,,,,converged
c=10,Momentum,4569,1e-05,0.99,True,1.4215799158113954e-05,1.4239382009062048e-05,5.052223599824906e-11,,,,converged
c=10,Momentum,95761,3.1622776601683795e-05,0.5,True,1.4238287249239314e-05,1.4239382009062048e-05,5.068220594796271e-11,,,,converged
c=10,Momentum,38261,3.1622776601683795e-05,0.8,True,1.4236865395963366e-05,1.4239382009062048e-05,5.0672084075694786e-11,,,,converged
c=10,Momentum,19049,3.1622776601683795e-05,0.9,True,1.4237651414262497e-05,1.4239382009062048e-05,5.067767944851272e-11,,,,converged
c=10,Momentum,9356,3.1622776601683795e-05,0.95,True,1.4223743155800943e-05,1.4239382009062048e-05,5.057871734054854e-11,,,,converged
c=10,Momentum,2355,3.1622776601683795e-05,0.99,True,1.396744631640701e-05,1.4239382009062048e-05,1.2298190166764558e-11,,,,converged
c=10,Momentum,30271,0.0001,0.5,True,1.4235648507036507e-05,1.4239382009062048e-05,5.066342210397268e-11,,,,converged
c=10,Momentum,12065,0.0001,0.8,True,1.4229055074233513e-05,1.4239382009062048e-05,5.0616502076392617e-11,,,,converged
c=10,Momentum,5950,0.0001,0.9,True,1.4222744159896562e-05,1.4239382009062048e-05,5.0571612859467934e-11,,,,converged
c=10,Momentum,2793,0.0001,0.95,True,1.4200421645872297e-05,1.4239382009062048e-05,5.0412993730139615e-11,,,,converged
c=10,Momentum,2292,0.0001,0.99,True,1.1226572249363368e-05,1.4239382009062048e-05,8.956724780282245e-12,,,,converged
c=10,Momentum,9561,0.00031622776601683794,0.5,True,1.4231372149206467e-05,1.4239382009062048e-05,5.063298831230237e-11,,,,converged
c=10,Momentum,3780,0.00031622776601683794,0.8,True,1.423442820596539e-05,1.4239382009062048e-05,5.0654736587695774e-11,,,,converged
c=10,Momentum,1803,0.00031622776601683794,0.9,True,1.4200107676312687e-05,1.4239382009062048e-05,5.041076450471862e-11,,,,converged
c=10,Momentum,603,0.00031622776601683794,0.95,True,1.4029132643723935e-05,1.4239382009062048e-05,4.912105952085863e-11,,,,converged
c=10,Momentum,2112,0.00031622776601683794,0.99,True,1.026359388445067e-05,1.4239382009062048e-05,2.562749983888618e-11,,,,converged
c=10,Momentum,3012,0.001,0.5,True,1.4210194869163042e-05,1.4239382009062048e-05,5.048240955489691e-11,,,,converged
c=10,Momentum,1159,0.001,0.8,True,1.4186232431044278e-05,1.4239382009062048e-05,5.031229764690311e-11,,,,converged
c=10,Momentum,467,0.001,0.9,True,1.4026943428883265e-05,1.4239382009062048e-05,4.918878546876658e-11,,,,converged
c=10,Momentum,479,0.001,0.95,True,5.9216928832504025e-06,1.4239382009062048e-05,9.043744162617541e-13,,,,converged
c=10,Momentum,2226,0.001,0.99,True,7.850813147764215e-06,1.4239382009062048e-05,6.445653522080415e-12,,,,converged
c=10,Momentum,941,0.0031622776601683794,0.5,True,1.4113461260956842e-05,1.4239382009062048e-05,4.9797447191132377e-11,,,,converged
c=10,Momentum,323,0.0031622776601683794,0.8,True,1.421640886573746e-05,1.4239382009062048e-05,5.0526570259454656e-11,,,,converged
c=10,Momentum,230,0.0031622776601683794,0.9,True,1.0863926662517501e-05,1.4239382009062048e-05,1.7423247189041825e-11,,,,converged
c=10,Momentum,439,0.0031622776601683794,0.95,True,1.398855675989896e-05,1.4239382009062048e-05,2.283746355545165e-11,,,,converged
c=10,Momentum,2231,0.0031622776601683794,0.99,True,1.0916060846604734e-05,1.4239382009062048e-05,3.4519410854902186e-12,,,,converged
c=10,Momentum,285,0.01,0.5,True,1.4055644049058673e-05,1.4239382009062048e-05,4.939028240845962e-11,,,,converged
c=10,Momentum,112,0.01,0.8,True,9.563516661240683e-06,1.4239382009062048e-05,1.7626196785143587e-11,,,,converged
c=10,Momentum,235,0.01,0.9,True,1.3662612743407194e-05,1.4239382009062048e-05,3.3848019471516063e-11,,,,converged
c=10,Momentum,437,0.01,0.95,True,1.2556391640340443e-05,1.4239382009062048e-05,2.3847833498255816e-11,,,,converged
c=10,Momentum,2268,0.01,0.99,True,1.1607725765022339e-05,1.4239382009062048e-05,2.7169072061879213e-11,,,,converged
c=10,Momentum,74,0.03162277660168379,0.5,True,1.3843564666091794e-05,1.4239382009062048e-05,4.7911070666058305e-11,,,,converged
c=10,Momentum,111,0.03162277660168379,0.8,True,5.505966683378972e-06,1.4239382009062048e-05,1.4764537913172335e-12,,,,converged
c=10,Momentum,230,0.03162277660168379,0.9,True,1.3897848650499618e-05,1.4239382009062048e-05,5.245494388393305e-12,,,,converged
c=10,Momentum,426,0.03162277660168379,0.95,True,1.3790338707814615e-05,1.4239382009062048e-05,9.89572046586487e-12,,,,converged
c=10,Momentum,2143,0.03162277660168379,0.99,True,1.4166303059429995e-05,1.4239382009062048e-05,3.014086911649137e-11,,,,converged
c=10,Momentum,41,0.1,0.5,True,1.946416693251161e-06,1.4239382009062048e-05,8.590551790787389e-13,,,,converged
c=10,Momentum,105,0.1,0.8,True,1.7705573383604662e-06,1.4239382009062048e-05,9.223868654201019e-14,,,,converged
c=10,Momentum,223,0.1,0.9,True,1.2689680775092854e-05,1.4239382009062048e-05,3.781763767099582e-11,,,,converged
c=10,Momentum,457,0.1,0.95,True,1.074858041528104e-05,1.4239382009062048e-05,9.601930106620515e-12,,,,converged
c=10,Momentum,2032,0.1,0.99,True,7.153552300224278e-06,1.4239382009062048e-05,1.2658487729686783e-11,,,,converged
c=10,Momentum,18,0.31622776601683794,0.5,False,inf,1.4239382009062048e-05,nan,,,,failed
c=10,Momentum,19,0.31622776601683794,0.8,False,inf,1.4239382009062048e-05,nan,,,,failed
c=10,Momentum,20,0.31622776601683794,0.9,False,inf,1.4239382009062048e-05,nan,,,,failed
c=10,Momentum,20,0.31622776601683794,0.95,False,inf,1.4239382009062048e-05,nan,,,,failed
c=10,Momentum,20,0.31622776601683794,0.99,False,inf,1.4239382009062048e-05,nan,,,,failed
c=10,Momentum,10,1.0,0.5,False,inf,1.4239382009062048e-05,nan,,,,failed
c=10,Momentum,10,1.0,0.8,False,inf,1.4239382009062048e-05,nan,,,,failed
c=10,Momentum,10,1.0,0.9,False,inf,1.4239382009062048e-05,nan,,,,failed
c=10,Momentum,10,1.0,0.95,False,inf,1.4239382009062048e-05,nan,,,,failed
c=10,Momentum,10,1.0,0.99,False,inf,1.4239382009062048e-05,nan,,,,failed
c=10,Adam,100000,1e-05,,False,0.6276596393890885,1.4239382009062048e-05,0.09848915572951017,,,,cap
c=10,Adam,48014,3.1622776601683795e-05,,True,1.4239235393178518e-05,1.4239382009062048e-05,5.068895614558695e-11,,,,converged
c=10,Adam,18928,0.0001,,True,1.4217485105514296e-05,1.4239382009062048e-05,5.053422068138021e-11,,,,converged
c=10,Adam,8832,0.00031622776601683794,,True,1.4161446755424625e-05,1.4239382009062048e-05,5.013664355168166e-11,,,,converged
c=10,Adam,4258,0.001,,True,1.4151876276681242e-05,1.4239382009062048e-05,5.006890053762334e-11,,,,converged
c=10,Adam,1693,0.0031622776601683794,,True,1.4138741444749787e-05,1.4239382009062048e-05,4.9976002410371324e-11,,,,converged
c=10,Adam,507,0.01,,True,1.3669016747007465e-05,1.4239382009062048e-05,4.671050470651616e-11,,,,converged
c=10,Adam,227,0.03162277660168379,,True,1.350708190440741e-05,1.4239382009062048e-05,4.5209830022393224e-11,,,,converged
c=10,Adam,205,0.1,,True,1.3168986079363013e-05,1.4239382009062048e-05,8.88204377790254e-12,,,,converged
c=10,Adam,234,0.31622776601683794,,True,7.30454705310542e-06,1.4239382009062048e-05,1.130149291928695e-11,,,,converged
c=10,Adam,233,1.0,,True,1.2863833478271118e-05,1.4239382009062048e-05,3.238992526564962e-11,,,,converged
c=100,Momentum,100000,1e-05,0.5,False,0.047611136953090806,0.0001400241407757962,0.0005667050904914923,,,,cap
c=100,Momentum,98252,1e-05,0.8,True,0.00014002166720078943,0.0001400241407757962,4.901516821422158e-09,,,,converged
c=100,Momentum,49062,1e-05,0.9,True,0.00014001032850042213,0.0001400241407757962,4.900723021699029e-09,,,,converged
c=100,Momentum,24400,1e-05,0.95,True,0.00013997124679670747,0.0001400241407757962,4.897987482456198e-09,,,,converged
c=100,Momentum,3739,1e-05,0.99,True,0.0001399665971401112,0.0001400241407757962,4.89742801005216e-09,,,,converged
c=100,Momentum,77693,3.1622776601683795e-05,0.5,True,0.000140023423929477,0.0001400241407757962,4.901639812233507e-09,,,,converged
c=100,Momentum,31043,3.1622776601683795e-05,0.8,True,0.0001399974361405793,0.0001400241407757962,4.8998205314838944e-09,,,,converged
c=100,Momentum,15457,3.1622776601683795e-05,0.9,True,0.0001399781315961294,0.0001400241407757962,4.898469331285829e-09,,,,converged
c=100,Momentum,7594,3.1622776601683795e-05,0.95,True,0.00013998724744643907,0.0001400241407757962,4.8991073619076405e-09,,,,converged
c=100,Momentum,1954,3.1622776601683795e-05,0.99,True,0.00012950771509178703,0.0001400241407757962,1.402045372762192e-09,,,,converged
c=100,Momentum,24560,0.0001,0.5,True,0.00013998307228797668,0.0001400241407757962,4.898815131795226e-09,,,,converged
c=100,Momentum,9789,0.0001,0.8,True,0.00013999697947679598,0.0001400241407757962,4.899788565656609e-09,,,,converged
c=100,Momentum,4829,0.0001,0.9,True,0.00013992949709902376,0.0001400241407757962,4.895066039596425e-09,,,,converged
c=100,Momentum,2270,0.0001,0.95,True,0.00013980936719161779,0.0001400241407757962,4.886664788630153e-09,,,,converged
c=100,Momentum,2027,0.0001,0.99,True,0.00011920530216938044,0.0001400241407757962,1.2856717921510866e-10,,,,converged
c=100,Momentum,7757,0.00031622776601683794,0.5,True,0.00014000720531533284,0.0001400241407757962,4.900504385052441e-09,,,,converged
c=100,Momentum,3068,0.00031622776601683794,0.8,True,0.0001397963755770263,0.0001400241407757962,4.885756656118248e-09,,,,converged
c=100,Momentum,1465,0.00031622776601683794,0.9,True,0.00013943510722094594,0.0001400241407757962,4.860537281429173e-09,,,,converged
c=100,Momentum,512,0.00031622776601683794,0.95,True,0.00012684155209502504,0.0001400241407757962,2.9523707615353393e-09,,,,converged
c=100,Momentum,1833,0.00031622776601683794,0.99,True,0.00012478358974355304,0.0001400241407757962,3.368874442943518e-09,,,,converged
c=100,Momentum,2444,0.001,0.5,True,0.0001397355222332117,0.0001400241407757962,4.881504043447099e-09,,,,converged
c=100,Momentum,941,0.001,0.8,True,0.00013981131504346955,0.0001400241407757962,4.886800953546074e-09,,,,converged
c=100,Momentum,382,0.001,0.9,True,0.00013734957955639679,0.0001400241407757962,4.716210450074085e-09,,,,converged
c=100,Momentum,430,0.001,0.95,True,5.313289393399923e-05,0.0001400241407757962,6.060621176832059e-10,,,,converged
c=100,Momentum,1879,0.001,0.99,True,0.0001229683190628757,0.0001400241407757962,1.4730594761641166e-09,,,,converged
c=100,Momentum,764,0.0031622776601683794,0.5,True,0.00013839739012354464,0.0001400241407757962,4.788459398252153e-09,,,,converged
c=100,Momentum,264,0.0031622776601683794,0.8,True,0.00013516257803527584,0.0001400241407757962,4.5672306252854765e-09,,,,converged
c=100,Momentum,226,0.0031622776601683794,0.9,True,4.808552162702505e-05,0.0001400241407757962,5.820991796162115e-11,,,,converged
c=100,Momentum,426,0.0031622776601683794,0.95,True,0.00013341689954543044,0.0001400241407757962,3.0877687622986173e-10,,,,converged
c=100,Momentum,2051,0.0031622776601683794,0.99,True,0.00011848461743203771,0.0001400241407757962,1.863313379453218e-09,,,,converged
c=100,Momentum,232,0.01,0.5,True,0.00013529840515299696,0.0001400241407757962,4.576414609236129e-09,,,,converged
c=100,Momentum,105,0.01,0.8,True,3.4229503493946385e-05,0.0001400241407757962,2.168519674484883e-10,,,,converged
c=100,Momentum,223,0.01,0.9,True,3.2942151721983315e-05,0.0001400241407757962,2.966534049501105e-12,,,,converged
c=100,Momentum,398,0.01,0.95,True,8.375415859099884e-05,0.0001400241407757962,1.7529100057507868e-09,,,,converged
c=100,Momentum,2030,0.01,0.99,True,7.818646310946697e-05,0.0001400241407757962,4.480667938592084e-10,,,,converged
c=100,Momentum,18,0.03162277660168379,0.5,False,inf,0.0001400241407757962,nan,,,,failed
c=100,Momentum,19,0.03162277660168379,0.8,False,inf,0.0001400241407757962,nan,,,,failed
c=100,Momentum,20,0.03162277660168379,0.9,False,inf,0.0001400241407757962,nan,,,,failed
c=100,Momentum,20,0.03162277660168379,0.95,False,inf,0.0001400241407757962,nan,,,,failed
c=100,Momentum,20,0.03162277660168379,0.99,False,inf,0.0001400241407757962,nan,,,,failed
c=100,Momentum,10,0.1,0.5,False,inf,0.0001400241407757962,nan,,,,failed
c=100,Momentum,10,0.1,0.8,False,inf,0.0001400241407757962,nan,,,,failed
c=100,Momentum,10,0.1,0.9,False,inf,0.0001400241407757962,nan,,,,failed
c=100,Momentum,10,0.1,0.95,False,inf,0.0001400241407757962,nan,,,,failed
c=100,Momentum,10,0.1,0.99,False,inf,0.0001400241407757962,nan,,,,failed
c=100,Momentum,7,0.31622776601683794,0.5,False,inf,0.0001400241407757962,nan,,,,failed
c=100,Momentum,7,0.31622776601683794,0.8,False,inf,0.0001400241407757962,nan,,,,failed
c=100,Momentum,7,0.31622776601683794,0.9,False,inf,0.0001400241407757962,nan,,,,failed
c=100,Momentum,7,0.31622776601683794,0.95,False,inf,0.0001400241407757962,nan,,,,failed
c=100,Momentum,7,0.31622776601683794,0.99,False,inf,0.0001400241407757962,nan,,,,failed
c=100,Momentum,6,1.0,0.5,False,inf,0.0001400241407757962,nan,,,,failed
c=100,Momentum,6,1.0,0.8,False,inf,0.0001400241407757962,nan,,,,failed
c=100,Momentum,6,1.0,0.9,False,inf,0.0001400241407757962,nan,,,,failed
c=100,Momentum,6,1.0,0.95,False,inf,0.0001400241407757962,nan,,,,failed
c=100,Momentum,6,1.0,0.99,False,inf,0.0001400241407757962,nan,,,,failed
c=100,Adam,100000,1e-05,,False,0.6276596393890885,0.0001400241407757962,0.09848915572951017,,,,cap
c=100,Adam,47456,3.1622776601683795e-05,,True,0.000140014498366865,0.0001400241407757962,4.871008114621323e-09,,,,converged
c=100,Adam,18441,0.0001,,True,0.00013996363132438657,0.0001400241407757962,4.897454523377201e-09,,,,converged
c=100,Adam,8402,0.00031622776601683794,,True,0.00013993647782427723,0.0001400241407757962,4.895554456466108e-09,,,,converged
c=100,Adam,3916,0.001,,True,0.00013950062865826488,0.0001400241407757962,4.865106349012704e-09,,,,converged
c=100,Adam,1510,0.0031622776601683794,,True,0.00013994063914360462,0.0001400241407757962,4.895845620980142e-09,,,,converged
c=100,Adam,454,0.01,,True,0.00013594592888828454,0.0001400241407757962,4.620323533429968e-09,,,,converged
c=100,Adam,227,0.03162277660168379,,True,1.8938149696723717e-05,0.0001400241407757962,4.561031211623116e-11,,,,converged
c=100,Adam,186,0.1,,True,0.00013508806891979113,0.0001400241407757962,4.517002650384109e-09,,,,converged
c=100,Adam,234,0.31622776601683794,,True,3.0820376423086847e-05,0.0001400241407757962,1.333908000796421e-11,,,,converged
c=100,Adam,216,1.0,,True,4.491519042758325e-05,0.0001400241407757962,8.76084915534747e-11,,,,converged
c=1000,Momentum,100000,1e-05,0.5,False,0.047611136953090806,0.0014000024142836326,0.0005667050904914923,,,,cap
c=1000,Momentum,75239,1e-05,0.8,True,0.0013998686511395551,0.0014000024142836326,4.899080601108194e-07,,,,converged
c=1000,Momentum,37572,1e-05,0.9,True,0.001399820160030105,0.0014000024142836326,4.898741201066772e-07,,,,converged
c=1000,Momentum,18689,1e-05,0.95,True,0.001399595836503192,0.0014000024142836326,4.897171263892675e-07,,,,converged
c=1000,Momentum,2910,1e-05,0.99,True,0.0013982587670753736,0.0014000024142836326,4.721440607634417e-07,,,,converged
c=1000,Momentum,59495,3.1622776601683795e-05,0.5,True,0.0013998659884087122,0.0014000024142836326,4.899061963758752e-07,,,,converged
c=1000,Momentum,23772,3.1622776601683795e-05,0.8,True,0.001399957912559746,0.0014000024142836326,4.899705392346603e-07,,,,converged
c=1000,Momentum,11839,3.1622776601683795e-05,0.9,True,0.0013991585504691036,0.0014000024142836326,4.894111623377008e-07,,,,converged
c=1000,Momentum,5820,3.1622776601683795e-05,0.95,True,0.0013993499102236222,0.0014000024142836326,4.895450428107149e-07,,,,converged
c=1000,Momentum,1659,3.1622776601683795e-05,0.99,True,0.0010421522262421673,0.0014000024142836326,1.558890475411499e-07,,,,converged
c=1000,Momentum,18807,0.0001,0.5,True,0.0013998268381141537,0.0014000024142836326,4.898787941761672e-07,,,,converged
c=1000,Momentum,7497,0.0001,0.8,True,0.0013997211832732016,0.0014000024142836326,4.898048477259329e-07,,,,converged
c=1000,Momentum,3700,0.0001,0.9,True,0.0013993332366279065,0.0014000024142836326,4.895333767828831e-07,,,,converged
c=1000,Momentum,1744,0.0001,0.95,True,0.001394660924408019,0.0014000024142836326,4.862697735176575e-07,,,,converged
c=1000,Momentum,1608,0.0001,0.99,True,0.0012606673871539075,0.0014000024142836326,4.934863317326253e-08,,,,converged
c=1000,Momentum,5941,0.00031622776601683794,0.5,True,0.0013984877877065644,0.0014000024142836326,4.889420230911002e-07,,,,converged
c=1000,Momentum,2350,0.00031622776601683794,0.8,True,0.0013996281272400629,0.0014000024142836326,4.897397236403814e-07,,,,converged
c=1000,Momentum,1124,0.00031622776601683794,0.9,True,0.0013971984030785067,0.0014000024142836326,4.880408443912823e-07,,,,converged
c=1000,Momentum,445,0.00031622776601683794,0.95,True,0.0005229520701555753,0.0014000024142836326,5.900591446775016e-08,,,,converged
c=1000,Momentum,1530,0.00031622776601683794,0.99,True,0.0012415424010410983,0.0014000024142836326,3.647702258317728e-07,,,,converged
c=1000,Momentum,1872,0.001,0.5,True,0.0013963828426306606,0.0014000024142836326,4.874712607983211e-07,,,,converged
c=1000,Momentum,722,0.001,0.8,True,0.0013924375083876974,0.0014000024142836326,4.847205536912348e-07,,,,converged
c=1000,Momentum,297,0.001,0.9,True,0.0013618493835954749,0.0014000024142836326,4.522006445784367e-07,,,,converged
c=1000,Momentum,398,0.001,0.95,True,2.4026410474351456e-05,0.0014000024142836326,6.563176611045973e-11,,,,converged
c=1000,Momentum,1719,0.001,0.99,True,0.00041770914152732577,0.0014000024142836326,1.0958137979437937e-08,,,,converged
c=1000,Momentum,18,0.0031622776601683794,0.5,False,inf,0.0014000024142836326,nan,,,,failed
c=1000,Momentum,19,0.0031622776601683794,0.8,False,inf,0.0014000024142836326,nan,,,,failed
c=1000,Momentum,20,0.0031622776601683794,0.9,False,inf,0.0014000024142836326,nan,,,,failed
c=1000,Momentum,20,0.0031622776601683794,0.95,False,inf,0.0014000024142836326,nan,,,,failed
c=1000,Momentum,20,0.0031622776601683794,0.99,False,inf,0.0014000024142836326,nan,,,,failed
c=1000,Momentum,10,0.01,0.5,False,inf,0.0014000024142836326,nan,,,,failed
c=1000,Momentum,10,0.01,0.8,False,inf,0.0014000024142836326,nan,,,,failed
c=1000,Momentum,10,0.01,0.9,False,inf,0.0014000024142836326,nan,,,,failed
c=1000,Momentum,10,0.01,0.95,False,inf,0.0014000024142836326,nan,,,,failed
c=1000,Momentum,10,0.01,0.99,False,inf,0.0014000024142836326,nan,,,,failed
c=1000,Momentum,7,0.03162277660168379,0.5,False,inf,0.0014000024142836326,nan,,,,failed
c=1000,Momentum,7,0.03162277660168379,0.8,False,inf,0.0014000024142836326,nan,,,,failed
c=1000,Momentum,7,0.03162277660168379,0.9,False,inf,0.0014000024142836326,nan,,,,failed
c=1000,Momentum,7,0.03162277660168379,0.95,False,inf,0.0014000024142836326,nan,,,,failed
c=1000,Momentum,7,0.03162277660168379,0.99,False,inf,0.0014000024142836326,nan,,,,failed
c=1000,Momentum,6,0.1,0.5,False,inf,0.0014000024142836326,nan,,,,failed
c=1000,Momentum,6,0.1,0.8,False,inf,0.0014000024142836326,nan,,,,failed
c=1000,Momentum,6,0.1,0.9,False,inf,0.0014000024142836326,nan,,,,failed
c=1000,Momentum,6,0.1,0.95,False,inf,0.0014000024142836326,nan,,,,failed
c=1000,Momentum,6,0.1,0.99,False,inf,0.0014000024142836326,nan,,,,failed
c=1000,Momentum,5,0.31622776601683794,0.5,False,inf,0.0014000024142836326,nan,,,,failed
c=1000,Momentum,5,0.31622776601683794,0.8,False,inf,0.0014000024142836326,nan,,,,failed
c=1000,Momentum,5,0.31622776601683794,0.9,False,inf,0.0014000024142836326,nan,,,,failed
c=1000,Momentum,5,0.31622776601683794,0.95,False,inf,0.0014000024142836326,nan,,,,failed
c=1000,Momentum,5,0.31622776601683794,0.99,False,inf,0.0014000024142836326,nan,,,,failed
c=1000,Momentum,4,1.0,0.5,False,inf,0.0014000024142836326,nan,,,,failed
c=1000,Momentum,4,1.0,0.8,False,inf,0.0014000024142836326,nan,,,,failed
c=1000,Momentum,4,1.0,0.9,False,inf,0.0014000024142836326,nan,,,,failed
c=1000,Momentum,4,1.0,0.95,False,inf,0.0014000024142836326,nan,,,,failed
c=1000,Momentum,4,1.0,0.99,False,inf,0.0014000024142836326,nan,,,,failed
c=1000,Adam,100000,1e-05,,False,0.6276596393890885,0.0014000024142836326,0.09848915572951017,,,,cap
c=1000,Adam,46659,3.1622776601683795e-05,,True,0.001398083097239211,0.0014000024142836326,4.886590866964963e-07,,,,converged
c=1000,Adam,17782,0.0001,,True,0.001397351356888868,0.0014000024142836326,4.881477036497902e-07,,,,converged
c=1000,Adam,7843,0.00031622776601683794,,True,0.0013966445807171044,0.0014000024142836326,4.87654021211614e-07,,,,converged
c=1000,Adam,3492,0.001,,True,0.0013989304740160485,0.0014000024142836326,4.892515891107128e-07,,,,converged
c=1000,Adam,1298,0.0031622776601683794,,True,0.001392112821864371,0.0014000024142836326,4.844945200550724e-07,,,,converged
c=1000,Adam,390,0.01,,True,0.0013939336463718813,0.0014000024142836326,4.856566195082219e-07,,,,converged
c=1000,Adam,185,0.03162277660168379,,True,0.0012661884561265555,0.0014000024142836326,1.1755806822462774e-08,,,,converged
c=1000,Adam,186,0.1,,True,0.0001905952004155628,0.0014000024142836326,4.521111232391665e-09,,,,converged
c=1000,Adam,234,0.31622776601683794,,True,0.0003010045452593437,0.0014000024142836326,3.371495089478847e-11,,,,converged
c=1000,Adam,216,1.0,,True,0.00041074437782936946,0.0014000024142836326,1.2549338312090585e-10,,,,converged
c=129,Momentum,100000,1e-05,0.5,False,0.047611136953090806,0.00018061871442350596,0.0005667050904914923,,,,cap
c=129,Momentum,95708,1e-05,0.8,True,0.00018060489759428447,0.00018061871442350596,8.154532258760494e-09,,,,converged
c=129,Momentum,47792,1e-05,0.9,True,0.00018058482930492523,0.00018061871442350596,8.152720143772246e-09,,,,converged
c=129,Momentum,23768,1e-05,0.95,True,0.00018059197927633558,0.00018061871442350596,8.153365744736104e-09,,,,converged
c=129,Momentum,3647,1e-05,0.99,True,0.00018035417108864962,0.00018061871442350596,8.131241385601506e-09,,,,converged
c=129,Momentum,75681,3.1622776601683795e-05,0.5,True,0.00018061327335186562,0.00018061871442350596,8.155288627718933e-09,,,,converged
c=129,Momentum,30239,3.1622776601683795e-05,0.8,True,0.00018059086569406743,0.00018061871442350596,8.153265193033176e-09,,,,converged
c=129,Momentum,15057,3.1622776601683795e-05,0.9,True,0.00018054985549814513,0.00018061871442350596,8.149562580100271e-09,,,,converged
c=129,Momentum,7398,3.1622776601683795e-05,0.95,True,0.00018053247627711688,0.00018061871442350596,8.147993747686942e-09,,,,converged
c=129,Momentum,1928,3.1622776601683795e-05,0.99,True,9.669824778033545e-05,0.00018061871442350596,7.172899820755764e-10,,,,converged
c=129,Momentum,23924,0.0001,0.5,True,0.00018056201997243223,0.00018061871442350596,8.150660764131254e-09,,,,converged
c=129,Momentum,9536,0.0001,0.8,True,0.00018050701971781015,0.00018061871442350596,8.145696041851476e-09,,,,converged
c=129,Momentum,4704,0.0001,0.9,True,0.00018056269876866443,0.00018061871442350596,8.150722046655862e-09,,,,converged
c=129,Momentum,2212,0.0001,0.95,True,0.00018017092385617554,0.00018061871442350596,8.11539045079695e-09,,,,converged
c=129,Momentum,2115,0.0001,0.99,True,0.00017045150803749067,0.00018061871442350596,8.28678159524748e-10,,,,converged
c=129,Momentum,7557,0.00031622776601683794,0.5,True,0.00018039661845602764,0.00018061871442350596,8.135734987592402e-09,,,,converged
c=129,Momentum,2989,0.00031622776601683794,0.8,True,0.0001801277498508389,0.00018061871442350596,8.111501566581599e-09,,,,converged
c=129,Momentum,1427,0.00031622776601683794,0.9,True,0.00018026350544300768,0.00018061871442350596,8.123732848650315e-09,,,,converged
c=129,Momentum,494,0.00031622776601683794,0.95,True,0.00016311451057908962,0.00018061871442350596,6.593654421263858e-09,,,,converged
c=129,Momentum,1864,0.00031622776601683794,0.99,True,8.824437372882786e-05,0.00018061871442350596,1.2114094250830296e-09,,,,converged
c=129,Momentum,2381,0.001,0.5,True,0.000180058399382474,0.00018061871442350596,8.105256797044629e-09,,,,converged
c=129,Momentum,917,0.001,0.8,True,0.00017986131361194372,0.00018061871442350596,8.087523033553492e-09,,,,converged
c=129,Momentum,372,0.001,0.9,True,0.00017963881136602618,0.00018061871442350596,8.067473412815485e-09,,,,converged
c=129,Momentum,438,0.001,0.95,True,0.00016728917826919554,0.00018061871442350596,4.735310995661709e-10,,,,converged
c=129,Momentum,2004,0.001,0.99,True,8.506693548641887e-05,0.00018061871442350596,3.4513593402715386e-10,,,,converged
c=129,Momentum,744,0.0031622776601683794,0.5,True,0.00017912704514599692,0.00018061871442350596,8.021624575684005e-09,,,,converged
c=129,Momentum,257,0.0031622776601683794,0.8,True,0.0001765624157042144,0.00018061871442350596,7.79357165982579e-09,,,,converged
c=129,Momentum,197,0.0031622776601683794,0.9,True,6.347410988298763e-05,0.00018061871442350596,9.112486314219054e-10,,,,converged
c=129,Momentum,408,0.0031622776601683794,0.95,True,7.438882779351106e-05,0.00018061871442350596,1.104993510135697e-09,,,,converged
c=129,Momentum,1870,0.0031622776601683794,0.99,True,9.350605073870884e-05,0.00018061871442350596,1.905372321433497e-09,,,,converged
c=129,Momentum,226,0.01,0.5,True,0.0001748339322966079,0.00018061871442350596,7.64172597057372e-09,,,,converged
c=129,Momentum,120,0.01,0.8,True,6.920433703434945e-05,0.00018061871442350596,9.477099464450642e-12,,,,converged
c=129,Momentum,216,0.01,0.9,True,5.393566964877014e-05,0.00018061871442350596,1.534676314441623e-10,,,,converged
c=129,Momentum,379,0.01,0.95,True,0.00016425711112698634,0.00018061871442350596,6.153728839936596e-09,,,,converged
c=129,Momentum,1672,0.01,0.99,True,5.87806709452065e-05,0.00018061871442350596,2.499936655709081e-10,,,,converged
c=129,Momentum,15,0.03162277660168379,0.5,False,inf,0.00018061871442350596,nan,,,,failed
c=129,Momentum,16,0.03162277660168379,0.8,False,inf,0.00018061871442350596,nan,,,,failed
c=129,Momentum,16,0.03162277660168379,0.9,False,inf,0.00018061871442350596,nan,,,,failed
c=129,Momentum,16,0.03162277660168379,0.95,False,inf,0.00018061871442350596,nan,,,,failed
c=129,Momentum,16,0.03162277660168379,0.99,False,inf,0.00018061871442350596,nan,,,,failed
c=129,Momentum,9,0.1,0.5,False,inf,0.00018061871442350596,nan,,,,failed
c=129,Momentum,9,0.1,0.8,False,inf,0.00018061871442350596,nan,,,,failed
c=129,Momentum,9,0.1,0.9,False,inf,0.00018061871442350596,nan,,,,failed
c=129,Momentum,9,0.1,0.95,False,inf,0.00018061871442350596,nan,,,,failed
c=129,Momentum,9,0.1,0.99,False,inf,0.00018061871442350596,nan,,,,failed
c=129,Momentum,7,0.31622776601683794,0.5,False,inf,0.00018061871442350596,nan,,,,failed
c=129,Momentum,7,0.31622776601683794,0.8,False,inf,0.00018061871442350596,nan,,,,failed
c=129,Momentum,7,0.31622776601683794,0.9,False,inf,0.00018061871442350596,nan,,,,failed
c=129,Momentum,7,0.31622776601683794,0.95,False,inf,0.00018061871442350596,nan,,,,failed
c=129,Momentum,7,0.31622776601683794,0.99,False,inf,0.00018061871442350596,nan,,,,failed
c=129,Momentum,6,1.0,0.5,False,inf,0.00018061871442350596,nan,,,,failed
c=129,Momentum,6,1.0,0.8,False,inf,0.00018061871442350596,nan,,,,failed
c=129,Momentum,6,1.0,0.9,False,inf,0.00018061871442350596,nan,,,,failed
c=129,Momentum,6,1.0,0.95,False,inf,0.00018061871442350596,nan,,,,failed
c=129,Momentum,6,1.0,0.99,False,inf,0.00018061871442350596,nan,,,,failed
c=129,Adam,100000,1e-05,,False,0.6276596393890885,0.00018061871442350596,0.09848915572951017,,,,cap
c=129,Adam,47382,3.1622776601683795e-05,,True,0.00018029885423560986,0.00018061871442350596,8.126919209668422e-09,,,,converged
c=129,Adam,18379,0.0001,,True,0.0001799906506977728,0.00018061871442350596,8.099158584651916e-09,,,,converged
c=129,Adam,8348,0.00031622776601683794,,True,0.00018016629334000216,0.00018061871442350596,8.114973313968927e-09,,,,converged
c=129,Adam,3874,0.001,,True,0.00017961475417100682,0.00018061871442350596,8.065364978977124e-09,,,,converged
c=129,Adam,1489,0.0031622776601683794,,True,0.00017862524733044748,0.00018061871442350596,7.976744745965871e-09,,,,converged
c=129,Adam,447,0.01,,True,0.0001791042538716164,0.00018061871442350596,8.019580219247087e-09,,,,converged
c=129,Adam,227,0.03162277660168379,,True,2.183708018640474e-05,0.00018061871442350596,4.573935634646795e-11,,,,converged
c=129,Adam,186,0.1,,True,0.0001355361682519088,0.00018061871442350596,4.517135038026578e-09,,,,converged
c=129,Adam,234,0.31622776601683794,,True,3.938655905687682e-05,0.00018061871442350596,1.3995635847649616e-11,,,,converged
c=129,Adam,216,1.0,,True,5.599615573743275e-05,0.00018061871442350596,8.882922694837756e-11,,,,converged
