c,method,alpha,beta,iterations
10,Momentum,1e-05,0.5,—
10,Momentum,1e-05,0.8,—
10,Momentum,1e-05,0.9,60469
10,Momentum,1e-05,0.95,30069
10,Momentum,1e-05,0.99,4569
10,Momentum,3.1622776601683795e-05,0.5,95761
10,Momentum,3.1622776601683795e-05,0.8,38261
10,Momentum,3.1622776601683795e-05,0.9,19049
10,Momentum,3.1622776601683795e-05,0.95,9356
10,Momentum,3.1622776601683795e-05,0.99,2355
10,Momentum,0.0001,0.5,30271
10,Momentum,0.0001,0.8,12065
10,Momentum,0.0001,0.9,5950
10,Momentum,0.0001,0.95,2793
10,Momentum,0.0001,0.99,2292
10,Momentum,0.00031622776601683794,0.5,9561
10,Momentum,0.00031622776601683794,0.8,3780
10,Momentum,0.00031622776601683794,0.9,1803
10,Momentum,0.00031622776601683794,0.95,603
10,Momentum,0.00031622776601683794,0.99,2112
10,Momentum,0.001,0.5,3012
10,Momentum,0.001,0.8,1159
10,Momentum,0.001,0.9,467
10,Momentum,0.001,0.95,479
10,Momentum,0.001,0.99,2226
10,Momentum,0.0031622776601683794,0.5,941
10,Momentum,0.0031622776601683794,0.8,323
10,Momentum,0.0031622776601683794,0.9,230
10,Momentum,0.0031622776601683794,0.95,439
10,Momentum,0.0031622776601683794,0.99,2231
10,Momentum,0.01,0.5,285
10,Momentum,0.01,0.8,112
10,Momentum,0.01,0.9,235
10,Momentum,0.01,0.95,437
10,Momentum,0.01,0.99,2268
10,Momentum,0.03162277660168379,0.5,74
10,Momentum,0.03162277660168379,0.8,111
10,Momentum,0.03162277660168379,0.9,230
10,Momentum,0.03162277660168379,0.95,426
10,Momentum,0.03162277660168379,0.99,2143
10,Momentum,0.1,0.5,41
10,Momentum,0.1,0.8,105
10,Momentum,0.1,0.9,223
10,Momentum,0.1,0.95,457
10,Momentum,0.1,0.99,2032
10,Momentum,0.31622776601683794,0.5,—
10,Momentum,0.31622776601683794,0.8,—
10,Momentum,0.31622776601683794,0.9,—
10,Momentum,0.31622776601683794,0.95,—
10,Momentum,0.31622776601683794,0.99,—
10,Momentum,1.0,0.5,—
10,Momentum,1.0,0.8,—
10,Momentum,1.0,0.9,—
10,Momentum,1.0,0.95,—
10,Momentum,1.0,0.99,—
10,Adam,1e-05,,—
10,Adam,3.1622776601683795e-05,,48014
10,Adam,0.0001,,18928
10,Adam,0.00031622776601683794,,8832
10,Adam,0.001,,4258
10,Adam,0.0031622776601683794,,1693
10,Adam,0.01,,507
10,Adam,0.03162277660168379,,227
10,Adam,0.1,,205
10,Adam,0.31622776601683794,,234
10,Adam,1.0,,233
100,Momentum,1e-05,0.5,—
100,Momentum,1e-05,0.8,98252
100,Momentum,1e-05,0.9,49062
100,Momentum,1e-05,0.95,24400
100,Momentum,1e-05,0.99,3739
100,Momentum,3.1622776601683795e-05,0.5,77693
100,Momentum,3.1622776601683795e-05,0.8,31043
100,Momentum,3.1622776601683795e-05,0.9,15457
100,Momentum,3.1622776601683795e-05,0.95,7594
100,Momentum,3.1622776601683795e-05,0.99,1954
100,Momentum,0.0001,0.5,24560
100,Momentum,0.0001,0.8,9789
100,Momentum,0.0001,0.9,4829
100,Momentum,0.0001,0.95,2270
100,Momentum,0.0001,0.99,2027
100,Momentum,0.00031622776601683794,0.5,7757
100,Momentum,0.00031622776601683794,0.8,3068
100,Momentum,0.00031622776601683794,0.9,1465
100,Momentum,0.00031622776601683794,0.95,512
100,Momentum,0.00031622776601683794,0.99,1833
100,Momentum,0.001,0.5,2444
100,Momentum,0.001,0.8,941
100,Momentum,0.001,0.9,382
100,Momentum,0.001,0.95,430
100,Momentum,0.001,0.99,1879
100,Momentum,0.0031622776601683794,0.5,764
100,Momentum,0.0031622776601683794,0.8,264
100,Momentum,0.0031622776601683794,0.9,226
100,Momentum,0.0031622776601683794,0.95,426
100,Momentum,0.0031622776601683794,0.99,2051
100,Momentum,0.01,0.5,232
100,Momentum,0.01,0.8,105
100,Momentum,0.01,0.9,223
100,Momentum,0.01,0.95,398
100,Momentum,0.01,0.99,2030
100,Momentum,0.03162277660168379,0.5,—
100,Momentum,0.03162277660168379,0.8,—
100,Momentum,0.03162277660168379,0.9,—
100,Momentum,0.03162277660168379,0.95,—
100,Momentum,0.03162277660168379,0.99,—
100,Momentum,0.1,0.5,—
100,Momentum,0.1,0.8,—
100,Momentum,0.1,0.9,—
100,Momentum,0.1,0.95,—
100,Momentum,0.1,0.99,—
100,Momentum,0.31622776601683794,0.5,—
100,Momentum,0.31622776601683794,0.8,—
100,Momentum,0.31622776601683794,0.9,—
100,Momentum,0.31622776601683794,0.95,—
100,Momentum,0.31622776601683794,0.99,—
100,Momentum,1.0,0.5,—
100,Momentum,1.0,0.8,—
100,Momentum,1.0,0.9,—
100,Momentum,1.0,0.95,—
100,Momentum,1.0,0.99,—
100,Adam,1e-05,,—
100,Adam,3.1622776601683795e-05,,47456
100,Adam,0.0001,,18441
100,Adam,0.00031622776601683794,,8402
100,Adam,0.001,,3916
100,Adam,0.0031622776601683794,,1510
100,Adam,0.01,,454
100,Adam,0.03162277660168379,,227
100,Adam,0.1,,186
100,Adam,0.31622776601683794,,234
100,Adam,1.0,,216
1000,Momentum,1e-05,0.5,—
1000,Momentum,1e-05,0.8,75239
1000,Momentum,1e-05,0.9,37572
1000,Momentum,1e-05,0.95,18689
1000,Momentum,1e-05,0.99,2910
1000,Momentum,3.1622776601683795e-05,0.5,59495
1000,Momentum,3.1622776601683795e-05,0.8,23772
1000,Momentum,3.1622776601683795e-05,0.9,11839
1000,Momentum,3.1622776601683795e-05,0.95,5820
1000,Momentum,3.1622776601683795e-05,0.99,1659
1000,Momentum,0.0001,0.5,18807
1000,Momentum,0.0001,0.8,7497
1000,Momentum,0.0001,0.9,3700
1000,Momentum,0.0001,0.95,1744
1000,Momentum,0.0001,0.99,1608
1000,Momentum,0.00031622776601683794,0.5,5941
1000,Momentum,0.00031622776601683794,0.8,2350
1000,Momentum,0.00031622776601683794,0.9,1124
1000,Momentum,0.00031622776601683794,0.95,445
1000,Momentum,0.00031622776601683794,0.99,1530
1000,Momentum,0.001,0.5,1872
1000,Momentum,0.001,0.8,722
1000,Momentum,0.001,0.9,297
1000,Momentum,0.001,0.95,398
1000,Momentum,0.001,0.99,1719
1000,Momentum,0.0031622776601683794,0.5,—
1000,Momentum,0.0031622776601683794,0.8,—
1000,Momentum,0.0031622776601683794,0.9,—
1000,Momentum,0.0031622776601683794,0.95,—
1000,Momentum,0.0031622776601683794,0.99,—
1000,Momentum,0.01,0.5,—
1000,Momentum,0.01,0.8,—
1000,Momentum,0.01,0.9,—
1000,Momentum,0.01,0.95,—
1000,Momentum,0.01,0.99,—
1000,Momentum,0.03162277660168379,0.5,—
1000,Momentum,0.03162277660168379,0.8,—
1000,Momentum,0.03162277660168379,0.9,—
1000,Momentum,0.03162277660168379,0.95,—
1000,Momentum,0.03162277660168379,0.99,—
1000,Momentum,0.1,0.5,—
1000,Momentum,0.1,0.8,—
1000,Momentum,0.1,0.9,—
1000,Momentum,0.1,0.95,—
1000,Momentum,0.1,0.99,—
1000,Momentum,0.31622776601683794,0.5,—
1000,Momentum,0.31622776601683794,0.8,—
1000,Momentum,0.31622776601683794,0.9,—
1000,Momentum,0.31622776601683794,0.95,—
1000,Momentum,0.31622776601683794,0.99,—
1000,Momentum,1.0,0.5,—
1000,Momentum,1.0,0.8,—
1000,Momentum,1.0,0.9,—
1000,Momentum,1.0,0.95,—
1000,Momentum,1.0,0.99,—
1000,Adam,1e-05,,—
1000,Adam,3.1622776601683795e-05,,46659
1000,Adam,0.0001,,17782
1000,Adam,0.00031622776601683794,,7843
1000,Adam,0.001,,3492
1000,Adam,0.0031622776601683794,,1298
1000,Adam,0.01,,390
1000,Adam,0.03162277660168379,,185
1000,Adam,0.1,,186
1000,Adam,0.31622776601683794,,234
1000,Adam,1.0,,216
129,Momentum,1e-05,0.5,—
129,Momentum,1e-05,0.8,95708
129,Momentum,1e-05,0.9,47792
129,Momentum,1e-05,0.95,23768
129,Momentum,1e-05,0.99,3647
129,Momentum,3.1622776601683795e-05,0.5,75681
129,Momentum,3.1622776601683795e-05,0.8,30239
129,Momentum,3.1622776601683795e-05,0.9,15057
129,Momentum,3.1622776601683795e-05,0.95,7398
129,Momentum,3.1622776601683795e-05,0.99,1928
129,Momentum,0.0001,0.5,23924
129,Momentum,0.0001,0.8,9536
129,Momentum,0.0001,0.9,4704
129,Momentum,0.0001,0.95,2212
129,Momentum,0.0001,0.99,2115
129,Momentum,0.00031622776601683794,0.5,7557
129,Momentum,0.00031622776601683794,0.8,2989
129,Momentum,0.00031622776601683794,0.9,1427
129,Momentum,0.00031622776601683794,0.95,494
129,Momentum,0.00031622776601683794,0.99,1864
129,Momentum,0.001,0.5,2381
129,Momentum,0.001,0.8,917
129,Momentum,0.001,0.9,372
129,Momentum,0.001,0.95,438
129,Momentum,0.001,0.99,2004
129,Momentum,0.0031622776601683794,0.5,744
129,Momentum,0.0031622776601683794,0.8,257
129,Momentum,0.0031622776601683794,0.9,197
129,Momentum,0.0031622776601683794,0.95,408
129,Momentum,0.0031622776601683794,0.99,1870
129,Momentum,0.01,0.5,226
129,Momentum,0.01,0.8,120
129,Momentum,0.01,0.9,216
129,Momentum,0.01,0.95,379
129,Momentum,0.01,0.99,1672
129,Momentum,0.03162277660168379,0.5,—
129,Momentum,0.03162277660168379,0.8,—
129,Momentum,0.03162277660168379,0.9,—
129,Momentum,0.03162277660168379,0.95,—
129,Momentum,0.03162277660168379,0.99,—
129,Momentum,0.1,0.5,—
129,Momentum,0.1,0.8,—
129,Momentum,0.1,0.9,—
129,Momentum,0.1,0.95,—
129,Momentum,0.1,0.99,—
129,Momentum,0.31622776601683794,0.5,—
129,Momentum,0.31622776601683794,0.8,—
129,Momentum,0.31622776601683794,0.9,—
129,Momentum,0.31622776601683794,0.95,—
129,Momentum,0.31622776601683794,0.99,—
129,Momentum,1.0,0.5,—
129,Momentum,1.0,0.8,—
129,Momentum,1.0,0.9,—
129,Momentum,1.0,0.95,—
129,Momentum,1.0,0.99,—
129,Adam,1e-05,,—
129,Adam,3.1622776601683795e-05,,47396
129,Adam,0.0001,,18379
129,Adam,0.00031622776601683794,,8348
129,Adam,0.001,,3874
129,Adam,0.0031622776601683794,,1489
129,Adam,0.01,,447
129,Adam,0.03162277660168379,,227
129,Adam,0.1,,186
129,Adam,0.31622776601683794,,234
129,Adam,1.0,,216
