problem,method,k,f,gradient_norm
R2,pure,0,7.512301000000001,74.83346855625501
R2,pure,1,5.778764225612977,11.708208563424842
R2,pure,2,28.385441715847236,174.98887028720512
R2,pure,3,2.80089698068718,3.4215136767825154
R2,pure,4,633.6102507878278,1047.9029407267235
R2,pure,5,0.00754491818604402,0.17371210349861213
R2,pure,6,0.005692443471504685,3.37414748917588
R2,pure,7,9.674615342579957e-14,6.220639097796355e-07
R2,damped,0,7.512301000000001,74.83346855625501
R2,damped,1,5.778764225612977,11.708208563424842
R2,damped,2,5.106873157316234,25.577226895466048
R2,damped,3,4.272556622231684,29.829173101562155
R2,damped,4,3.3889483393546085,12.302670740797554
R2,damped,5,3.3332156611661663,31.594670948060877
R2,damped,6,2.0615514092588123,3.829930809440353
R2,damped,7,1.705099657441915,9.685408299314435
R2,damped,8,1.2663269042306164,5.425182379382277
R2,damped,9,0.9801247233116597,8.237536405004134
R2,damped,10,0.6535569288583177,2.0843587730245576
R2,damped,11,0.4986081536898772,5.137469161836704
R2,damped,12,0.3193919938229429,2.9361006520949404
R2,damped,13,0.21072085347825936,6.529179589398762
R2,damped,14,0.10947243416276473,1.2649087960285945
R2,damped,15,0.09464488776126256,9.796194610210854
R2,damped,16,0.019382198697724402,0.1470942836444663
R2,damped,17,0.007767929955429974,1.564077092126629
R2,damped,18,0.0015768280760494126,0.7508151749763898
R2,damped,19,0.00013318197045186179,0.2718292838338271
R2,damped,20,1.710494663082283e-06,0.029842534297687247
R2,damped,21,3.7411322190249875e-10,0.000496231750376958
R2,damped,22,1.8604191575677706e-17,9.956295734095186e-08
Project,pure,0,0.2571688040592641,0.07283446597797934
Project,pure,1,0.26849898834842867,0.11602562098312154
Project,pure,2,0.2394496520856425,0.044764459317565515
Project,pure,3,0.2403116936656754,0.05986528439501942
Project,pure,4,0.22286516814405416,0.011495681129877734
Project,pure,5,0.22160694021117186,0.001197199036187339
Project,pure,6,0.2215914711165713,1.0226911364321422e-05
Project,pure,7,0.22159147003652876,1.0185266325364237e-09
Project,damped,0,0.2571688040592641,0.07283446597797934
Project,damped,1,0.23428650680320265,0.03723629625956373
Project,damped,2,0.22258948464111813,0.008970969852114746
Project,damped,3,0.2216123816768564,0.001080482988655051
Project,damped,4,0.22159152285395164,5.029055869297782e-05
Project,damped,5,0.22159147003700008,1.5000012652606453e-07
Project,damped,6,0.2215914700365288,1.3462186005341043e-12
