c,method,alpha,beta,iterations,converged
10,Momentum,1e-05,0.5,100000,False
10,Momentum,1e-05,0.8,100000,False
10,Momentum,1e-05,0.9,60469,True
10,Momentum,1e-05,0.95,30069,True
10,Momentum,1e-05,0.99,4569,True
10,Momentum,3.1622776601683795e-05,0.5,95761,True
10,Momentum,3.1622776601683795e-05,0.8,38261,True
10,Momentum,3.1622776601683795e-05,0.9,19049,True
10,Momentum,3.1622776601683795e-05,0.95,9356,True
10,Momentum,3.1622776601683795e-05,0.99,2355,True
10,Momentum,0.0001,0.5,30271,True
10,Momentum,0.0001,0.8,12065,True
10,Momentum,0.0001,0.9,5950,True
10,Momentum,0.0001,0.95,2793,True
10,Momentum,0.0001,0.99,2292,True
10,Momentum,0.00031622776601683794,0.5,9561,True
10,Momentum,0.00031622776601683794,0.8,3780,True
10,Momentum,0.00031622776601683794,0.9,1803,True
10,Momentum,0.00031622776601683794,0.95,603,True
10,Momentum,0.00031622776601683794,0.99,2112,True
10,Momentum,0.001,0.5,3012,True
10,Momentum,0.001,0.8,1159,True
10,Momentum,0.001,0.9,467,True
10,Momentum,0.001,0.95,479,True
10,Momentum,0.001,0.99,2226,True
10,Momentum,0.0031622776601683794,0.5,941,True
10,Momentum,0.0031622776601683794,0.8,323,True
10,Momentum,0.0031622776601683794,0.9,230,True
10,Momentum,0.0031622776601683794,0.95,439,True
10,Momentum,0.0031622776601683794,0.99,2231,True
10,Momentum,0.01,0.5,285,True
10,Momentum,0.01,0.8,112,True
10,Momentum,0.01,0.9,235,True
10,Momentum,0.01,0.95,437,True
10,Momentum,0.01,0.99,2268,True
10,Momentum,0.03162277660168379,0.5,74,True
10,Momentum,0.03162277660168379,0.8,111,True
10,Momentum,0.03162277660168379,0.9,230,True
10,Momentum,0.03162277660168379,0.95,426,True
10,Momentum,0.03162277660168379,0.99,2143,True
10,Momentum,0.1,0.5,41,True
10,Momentum,0.1,0.8,105,True
10,Momentum,0.1,0.9,223,True
10,Momentum,0.1,0.95,457,True
10,Momentum,0.1,0.99,2032,True
10,Momentum,0.31622776601683794,0.5,18,False
10,Momentum,0.31622776601683794,0.8,19,False
10,Momentum,0.31622776601683794,0.9,20,False
10,Momentum,0.31622776601683794,0.95,20,False
10,Momentum,0.31622776601683794,0.99,20,False
10,Momentum,1.0,0.5,10,False
10,Momentum,1.0,0.8,10,False
10,Momentum,1.0,0.9,10,False
10,Momentum,1.0,0.95,10,False
10,Momentum,1.0,0.99,10,False
100,Momentum,1e-05,0.5,100000,False
100,Momentum,1e-05,0.8,98252,True
100,Momentum,1e-05,0.9,49062,True
100,Momentum,1e-05,0.95,24400,True
100,Momentum,1e-05,0.99,3739,True
100,Momentum,3.1622776601683795e-05,0.5,77693,True
100,Momentum,3.1622776601683795e-05,0.8,31043,True
100,Momentum,3.1622776601683795e-05,0.9,15457,True
100,Momentum,3.1622776601683795e-05,0.95,7594,True
100,Momentum,3.1622776601683795e-05,0.99,1954,True
100,Momentum,0.0001,0.5,24560,True
100,Momentum,0.0001,0.8,9789,True
100,Momentum,0.0001,0.9,4829,True
100,Momentum,0.0001,0.95,2270,True
100,Momentum,0.0001,0.99,2027,True
100,Momentum,0.00031622776601683794,0.5,7757,True
100,Momentum,0.00031622776601683794,0.8,3068,True
100,Momentum,0.00031622776601683794,0.9,1465,True
100,Momentum,0.00031622776601683794,0.95,512,True
100,Momentum,0.00031622776601683794,0.99,1833,True
100,Momentum,0.001,0.5,2444,True
100,Momentum,0.001,0.8,941,True
100,Momentum,0.001,0.9,382,True
100,Momentum,0.001,0.95,430,True
100,Momentum,0.001,0.99,1879,True
100,Momentum,0.0031622776601683794,0.5,764,True
100,Momentum,0.0031622776601683794,0.8,264,True
100,Momentum,0.0031622776601683794,0.9,226,True
100,Momentum,0.0031622776601683794,0.95,426,True
100,Momentum,0.0031622776601683794,0.99,2051,True
100,Momentum,0.01,0.5,232,True
100,Momentum,0.01,0.8,105,True
100,Momentum,0.01,0.9,223,True
100,Momentum,0.01,0.95,398,True
100,Momentum,0.01,0.99,2030,True
100,Momentum,0.03162277660168379,0.5,18,False
100,Momentum,0.03162277660168379,0.8,19,False
100,Momentum,0.03162277660168379,0.9,20,False
100,Momentum,0.03162277660168379,0.95,20,False
100,Momentum,0.03162277660168379,0.99,20,False
100,Momentum,0.1,0.5,10,False
100,Momentum,0.1,0.8,10,False
100,Momentum,0.1,0.9,10,False
100,Momentum,0.1,0.95,10,False
100,Momentum,0.1,0.99,10,False
100,Momentum,0.31622776601683794,0.5,7,False
100,Momentum,0.31622776601683794,0.8,7,False
100,Momentum,0.31622776601683794,0.9,7,False
100,Momentum,0.31622776601683794,0.95,7,False
100,Momentum,0.31622776601683794,0.99,7,False
100,Momentum,1.0,0.5,6,False
100,Momentum,1.0,0.8,6,False
100,Momentum,1.0,0.9,6,False
100,Momentum,1.0,0.95,6,False
100,Momentum,1.0,0.99,6,False
1000,Momentum,1e-05,0.5,100000,False
1000,Momentum,1e-05,0.8,75239,True
1000,Momentum,1e-05,0.9,37572,True
1000,Momentum,1e-05,0.95,18689,True
1000,Momentum,1e-05,0.99,2910,True
1000,Momentum,3.1622776601683795e-05,0.5,59495,True
1000,Momentum,3.1622776601683795e-05,0.8,23772,True
1000,Momentum,3.1622776601683795e-05,0.9,11839,True
1000,Momentum,3.1622776601683795e-05,0.95,5820,True
1000,Momentum,3.1622776601683795e-05,0.99,1659,True
1000,Momentum,0.0001,0.5,18807,True
1000,Momentum,0.0001,0.8,7497,True
1000,Momentum,0.0001,0.9,3700,True
1000,Momentum,0.0001,0.95,1744,True
1000,Momentum,0.0001,0.99,1608,True
1000,Momentum,0.00031622776601683794,0.5,5941,True
1000,Momentum,0.00031622776601683794,0.8,2350,True
1000,Momentum,0.00031622776601683794,0.9,1124,True
1000,Momentum,0.00031622776601683794,0.95,445,True
1000,Momentum,0.00031622776601683794,0.99,1530,True
1000,Momentum,0.001,0.5,1872,True
1000,Momentum,0.001,0.8,722,True
1000,Momentum,0.001,0.9,297,True
1000,Momentum,0.001,0.95,398,True
1000,Momentum,0.001,0.99,1719,True
1000,Momentum,0.0031622776601683794,0.5,18,False
1000,Momentum,0.0031622776601683794,0.8,19,False
1000,Momentum,0.0031622776601683794,0.9,20,False
1000,Momentum,0.0031622776601683794,0.95,20,False
1000,Momentum,0.0031622776601683794,0.99,20,False
1000,Momentum,0.01,0.5,10,False
1000,Momentum,0.01,0.8,10,False
1000,Momentum,0.01,0.9,10,False
1000,Momentum,0.01,0.95,10,False
1000,Momentum,0.01,0.99,10,False
1000,Momentum,0.03162277660168379,0.5,7,False
1000,Momentum,0.03162277660168379,0.8,7,False
1000,Momentum,0.03162277660168379,0.9,7,False
1000,Momentum,0.03162277660168379,0.95,7,False
1000,Momentum,0.03162277660168379,0.99,7,False
1000,Momentum,0.1,0.5,6,False
1000,Momentum,0.1,0.8,6,False
1000,Momentum,0.1,0.9,6,False
1000,Momentum,0.1,0.95,6,False
1000,Momentum,0.1,0.99,6,False
1000,Momentum,0.31622776601683794,0.5,5,False
1000,Momentum,0.31622776601683794,0.8,5,False
1000,Momentum,0.31622776601683794,0.9,5,False
1000,Momentum,0.31622776601683794,0.95,5,False
1000,Momentum,0.31622776601683794,0.99,5,False
1000,Momentum,1.0,0.5,4,False
1000,Momentum,1.0,0.8,4,False
1000,Momentum,1.0,0.9,4,False
1000,Momentum,1.0,0.95,4,False
1000,Momentum,1.0,0.99,4,False
129,Momentum,1e-05,0.5,100000,False
129,Momentum,1e-05,0.8,95708,True
129,Momentum,1e-05,0.9,47792,True
129,Momentum,1e-05,0.95,23768,True
129,Momentum,1e-05,0.99,3647,True
129,Momentum,3.1622776601683795e-05,0.5,75681,True
129,Momentum,3.1622776601683795e-05,0.8,30239,True
129,Momentum,3.1622776601683795e-05,0.9,15057,True
129,Momentum,3.1622776601683795e-05,0.95,7398,True
129,Momentum,3.1622776601683795e-05,0.99,1928,True
129,Momentum,0.0001,0.5,23924,True
129,Momentum,0.0001,0.8,9536,True
129,Momentum,0.0001,0.9,4704,True
129,Momentum,0.0001,0.95,2212,True
129,Momentum,0.0001,0.99,2115,True
129,Momentum,0.00031622776601683794,0.5,7557,True
129,Momentum,0.00031622776601683794,0.8,2989,True
129,Momentum,0.00031622776601683794,0.9,1427,True
129,Momentum,0.00031622776601683794,0.95,494,True
129,Momentum,0.00031622776601683794,0.99,1864,True
129,Momentum,0.001,0.5,2381,True
129,Momentum,0.001,0.8,917,True
129,Momentum,0.001,0.9,372,True
129,Momentum,0.001,0.95,438,True
129,Momentum,0.001,0.99,2004,True
129,Momentum,0.0031622776601683794,0.5,744,True
129,Momentum,0.0031622776601683794,0.8,257,True
129,Momentum,0.0031622776601683794,0.9,197,True
129,Momentum,0.0031622776601683794,0.95,408,True
129,Momentum,0.0031622776601683794,0.99,1870,True
129,Momentum,0.01,0.5,226,True
129,Momentum,0.01,0.8,120,True
129,Momentum,0.01,0.9,216,True
129,Momentum,0.01,0.95,379,True
129,Momentum,0.01,0.99,1672,True
129,Momentum,0.03162277660168379,0.5,15,False
129,Momentum,0.03162277660168379,0.8,16,False
129,Momentum,0.03162277660168379,0.9,16,False
129,Momentum,0.03162277660168379,0.95,16,False
129,Momentum,0.03162277660168379,0.99,16,False
129,Momentum,0.1,0.5,9,False
129,Momentum,0.1,0.8,9,False
129,Momentum,0.1,0.9,9,False
129,Momentum,0.1,0.95,9,False
129,Momentum,0.1,0.99,9,False
129,Momentum,0.31622776601683794,0.5,7,False
129,Momentum,0.31622776601683794,0.8,7,False
129,Momentum,0.31622776601683794,0.9,7,False
129,Momentum,0.31622776601683794,0.95,7,False
129,Momentum,0.31622776601683794,0.99,7,False
129,Momentum,1.0,0.5,6,False
129,Momentum,1.0,0.8,6,False
129,Momentum,1.0,0.9,6,False
129,Momentum,1.0,0.95,6,False
129,Momentum,1.0,0.99,6,False
